group,n_pos,n_neg,pos_vs_neg_roc_auc,pos_vs_neg_pr_auc,mean_pos,mean_neg
Hela,779,25981,0.9718554820277225,0.4898752387665919,0.9477905631065369,0.32889455556869507
PANC-1,47,23193,0.9640280312016373,0.08857651804389781,0.6843252182006836,0.09469778090715408
