site,gene,score_WT,score_KO,delta
Q8N448-(C96),LNX2,0.99092559,0.086398102,0.904527488
Q9BRP1-(C100),PDCD2L,0.944306672,0.040403508,0.903903164
Q9H3H5-(C107),DPAGT1,0.881022573,0.010365805,0.870656768
Q15003-(C418),NCAPH,0.981812139,0.132729068,0.849083071
Q7Z7M0-(C2255),MEGF8,0.859584212,0.017741394,0.841842818
Q8N448-(C73),LNX2,0.81467398,0.009204681,0.805469299
Q8N448-(C114),LNX2,0.957530995,0.166519811,0.791011184
Q9H3H5-(C106),DPAGT1,0.832159479,0.067318554,0.764840926
Q7Z7M0-(C2261),MEGF8,0.679569105,0.004032493,0.675536612
Q9BRP1-(C124),PDCD2L,0.716953536,0.044322109,0.672631426
P60900-(C78),PSMA6,0.051143559,0.745454917,-0.694311358
Q8NEL9-(C315),DDHD1,0.097511801,0.792550862,-0.695039061
Q7Z460-(C173),CLASP1,0.156246111,0.862523576,-0.706277465
Q9NUA8-(C1048),ZBTB40,0.043993581,0.762092372,-0.718098791
P31153-(C214),MAT2A,0.063462186,0.805201113,-0.741738927
Q8NEL9-(C273),DDHD1,0.095481532,0.846171339,-0.750689807
Q8TAU3-(C242),ZNF417,0.009488214,0.779199362,-0.769711148
Q9H3L0-(C153),MMADHC,0.117235737,0.909950117,-0.79271438
Q13642-(C89),FHL1,0.023502289,0.86441199,-0.840909701
Q13642-(C92),FHL1,0.018436531,0.879687826,-0.861251295