site,gene,score_WT,score_KO,delta
A0A7I2V5D2-(C62),MKRN2,0.959140102,0.009360759,0.949779343
A0A7I2V5D2-(C144),MKRN2,0.932812532,0.007616756,0.925195776
Q1KMD3-(C538),HNRNPUL2,0.950069269,0.030452374,0.919616894
O43776-(C438),NARS1,0.888800065,0.022450758,0.866349307
A8K486-(C115),Unknown,0.870103995,0.005357869,0.864746126
Q96HA7-(C1275),TONSL,0.876696885,0.024391075,0.85230581
Q9BW27-(C511),NUP85,0.837817152,0.030792278,0.807024874
Q5TZN6-(C73),NOL3,0.874940336,0.074927596,0.80001274
Q8IU85-(C182),CAMK1D,0.81150188,0.011934233,0.799567647
Q96HA7-(C1291),TONSL,0.857216676,0.064060348,0.793156328
O43776-(C158),NARS1,0.000320375,0.812384963,-0.812064588
Q9H0A0-(C121),NAT10,0.031669127,0.85214746,-0.820478333
A1A5C4-(C847),RRBP1,0.024525482,0.846534252,-0.822008771
Q9BWT3-(C530),PAPOLG,0.010061559,0.861795545,-0.851733986
Q9P000-(C147),COMMD9,0.016273204,0.890496711,-0.874223507
Q7Z6Z7-(C1762),HUWE1,0.060918603,0.938446224,-0.877527621
P49321-(C254),NASP,0.024284659,0.907597482,-0.883312823
F8W7C6-(C54),RPL10,0.046696249,0.94188273,-0.89518648
O43776-(C167),NARS1,0.000259544,0.911172092,-0.910912548
H0Y9Y2-(C74),BOD1L1,0.007322668,0.921899617,-0.914576948
